"","parameter","Accuracy","Kappa","AccuracySD","KappaSD"
"1","none",0.591455241554308,0.483069477771482,0.00719536194382107,0.00894723038107435
